{
	"TotalNumberOfRegions": 50,
	"MaxAllowedProcesses": 1,
	"Regions": {
		"Alabama": {
			"id": "#AL",
			"name": "Alabama",
			"connections": {
				"incoming": ["Florida", "Georgia", "Mississippi", "Tennessee"],
				"outgoing": ["Florida", "Georgia", "Mississippi", "Tennessee"]
			},
			"population": {
				"adults": 3328507,
				"minors": 1118593
			}
		},
		"Arizona": {
			"id": "#AZ",
			"name": "Arizona",
			"connections": {
				"incoming": ["California", "Colorado", "New Mexico", "Nevada" , "Utah"],
				"outgoing": ["California", "Colorado", "New Mexico", "Nevada" , "Utah"]
			},
			"population": {
				"adults": 3773910,
				"minors": 1356722
			}
		},
		"Arkansas": {
			"id": "#AR",
			"name": "Arkansas",
			"connections": {
				"incoming": ["Missouri", "Mississippi", "Oklahoma", "Tennessee", "Texas" , "Louisiana"],
				"outgoing": ["Missouri", "Mississippi", "Oklahoma", "Tennessee", "Texas" , "Louisiana"]
			},
			"population": {
				"adults": 1996342,
				"minors": 677058
			}
		},
		"California": {
			"id": "#CA",
			"name": "California",
			"connections": {
				"incoming": ["Nevada", "Oregon" , "Arizona"],
				"outgoing": ["Nevada", "Oregon" , "Arizona"]
			},
			"population": {
				"adults": 24690147,
				"minors": 9181501
			}
		},
		"Colorado": {
			"id": "#CO",
			"name": "Colorado",
			"connections": {
				"incoming": ["Arizona" , "Kansas" , "Nebraska", "New Mexico" , "Oklahoma" , "Utah" , "Wyoming"],
				"outgoing": ["Arizona" , "Kansas" , "Nebraska", "New Mexico" , "Oklahoma" , "Utah" , "Wyoming"]
			},
			"population": {
				"adults": 3208862,
				"minors": 1092399
			}
		},
		"Connecticut": {
			"id": "#CT",
			"name": "Connecticut",
			"connections": {
				"incoming": ["Massachusetts" , "New York" , "Rhode Island"],
				"outgoing": ["Massachusetts" , "New York" , "Rhode Island"]
			},
			"population": {
				"adults": 2569079,
				"minors": 836486
			}
		},
		"Delaware": {
			"id": "#DE",
			"name": "Delaware",
			"connections": {
				"incoming": ["Maryland" , "New Jersey" , "Pennsylvania"],
				"outgoing": ["Maryland" , "New Jersey" , "Pennsylvania"]
			},
			"population": {
				"adults": 590098,
				"minors": 193502
			}
		},
		"District of Columbia": {
			"id": "#DC",
			"name": "District of Columbia",
			"connections": {
				"incoming": ["Maryland" , "Virginia"],
				"outgoing": ["Maryland" , "Virginia"]
			},
			"population": {
				"adults": 458802,
				"minors": 113257
			}
		},
		"Florida": {
			"id": "#FL",
			"name": "Florida",
			"connections": {
				"incoming": ["Alabama" , "Georgia"],
				"outgoing": ["Alabama" , "Georgia"]
			},
			"population": {
				"adults": 12362177,
				"minors": 3620198
			}
		},
		"Georgia": {
			"id": "#GA",
			"name": "Georgia",
			"connections": {
				"incoming": ["North Carolina" , "South Carolina" , "Tennessee" , "Florida" , "Alabama"],
				"outgoing": ["North Carolina" , "South Carolina" , "Tennessee" , "Florida" , "Alabama"]
			},
			"population": {
				"adults": 6029805,
				"minors": 2156648
			}
		},
		"Idaho": {
			"id": "#ID",
			"name": "Idaho",
			"connections": {
				"incoming": ["Montana" , "Nevada" , "Oregon" , "Utah" , "Washington" , "Wyoming"],
				"outgoing": ["Montana" , "Nevada" , "Oregon" , "Utah" , "Washington" , "Wyoming"]
			},
			"population": {
				"adults": 927646,
				"minors": 366307
			}
		},
		"Illinois": {
			"id": "#IL",
			"name": "Illinois",
			"connections": {
				"incoming": ["Iowa" , "Indiana" , "Kentucky" , "Missouri" , "Wisconsin"],
				"outgoing": ["Iowa" , "Indiana" , "Kentucky" , "Missouri" , "Wisconsin"]
			},
			"population": {
				"adults": 9189797,
				"minors": 3229496
			}
		},
		"Indiana": {
			"id": "#IN",
			"name": "Indiana",
			"connections": {
				"incoming": ["Kentucky" , "Michigan" , "Ohio" , "Illinois"],
				"outgoing": ["Kentucky" , "Michigan" , "Ohio" , "Illinois"]
			},
			"population": {
				"adults": 4514292,
				"minors": 1566193
			}
		},
		"Iowa": {
			"id": "#IA",
			"name": "Iowa",
			"connections": {
				"incoming": ["Minnesota" , "Missouri" , "Nebraska" , "South Dakota" , "Wisconsin" , "Illinois"],
				"outgoing": ["Minnesota" , "Missouri" , "Nebraska" , "South Dakota" , "Wisconsin" , "Illinois"]
			},
			"population": {
				"adults": 2197593,
				"minors": 728731
			}
		},
		"Kansas": {
			"id": "#KS",
			"name": "Kansas",
			"connections": {
				"incoming": ["Missouri" , "Nebraska" , "Oklahoma" , "Colorado"],
				"outgoing": ["Missouri" , "Nebraska" , "Oklahoma" , "Colorado"]
			},
			"population": {
				"adults": 1979470,
				"minors": 708948
			}
		},
		"Kentucky": {
			"id": "#KY",
			"name": "Kentucky",
			"connections": {
				"incoming": ["Missouri" , "Ohio" , "Tennessee" , "Virginia" , "West Virginia" , "Illinois" , "Indiana"],
				"outgoing": ["Missouri" , "Ohio" , "Tennessee" , "Virginia" , "West Virginia" , "Illinois" , "Indiana"]
			},
			"population": {
				"adults": 3052293,
				"minors": 989476
			}
		},
		"Louisiana": {
			"id": "#LA",
			"name": "Louisiana",
			"connections": {
				"incoming": ["Mississippi" , "Texas" , "Arkansas"],
				"outgoing": ["Mississippi" , "Texas" , "Arkansas"]
			},
			"population": {
				"adults": 3255761,
				"minors": 1213215
			}
		},
		"Maine": {
			"id": "#ME",
			"name": "Maine",
			"connections": {
				"incoming": ["New Hampshire"],
				"outgoing": ["New Hampshire"]
			},
			"population": {
				"adults": 975247,
				"minors": 299676
			}
		},
		"Maryland": {
			"id": "#MD",
			"name": "Maryland",
			"connections": {
				"incoming": ["Pennsylvania" , "Delaware" , "District of Columbia" , "Virginia" , "West Virginia"],
				"outgoing": ["Pennsylvania" , "Delaware" , "District of Columbia" , "Virginia" , "West Virginia"]
			},
			"population": {
				"adults": 3948068,
				"minors": 1348418
			}
		},
		"Massachusetts": {
			"id": "#MA",
			"name": "Massachusetts",
			"connections": {
				"incoming": ["New Hampshire" , "Rhode Island" , "Connecticut" , "New York" , "Vermont"],
				"outgoing": ["New Hampshire" , "Rhode Island" , "Connecticut" , "New York" , "Vermont"]
			},
			"population": {
				"adults": 4859276,
				"minors": 1489821
			}
		},
		"Michigan": {
			"id": "#MI",
			"name": "Michigan",
			"connections": {
				"incoming": ["Ohio" , "Indiana" , "Wisconsin"],
				"outgoing": ["Ohio" , "Indiana" , "Wisconsin"]
			},
			"population": {
				"adults": 7356584,
				"minors": 2581860
			}
		},
		"Minnesota": {
			"id": "#MN",
			"name": "Minnesota",
			"connections": {
				"incoming": ["Wisconsin" , "Iowa" , "South Dakota" , "North Dakota"],
				"outgoing": ["Wisconsin" , "Iowa" , "South Dakota" , "North Dakota"]
			},
			"population": {
				"adults": 3627677,
				"minors": 1281802
			}
		},
		"Mississippi": {
			"id": "#MS",
			"name": "Mississippi",
			"connections": {
				"incoming": ["Tennessee" , "Alabama" , "Louisiana" , "Arkansas"],
				"outgoing": ["Tennessee" , "Alabama" , "Louisiana" , "Arkansas"]
			},
			"population": {
				"adults": 2074000,
				"minors": 770659
			}
		},
		"Missouri": {
			"id": "#MO",
			"name": "Missouri",
			"connections": {
				"incoming": ["Iowa" , "Illinois" , "Kentucky" , "Tennessee" , "Arkansas" , "Oklahoma" , "Kansas" , "Nebraska"],
				"outgoing": ["Iowa" , "Illinois" , "Kentucky" , "Tennessee" , "Arkansas" , "Oklahoma" , "Kansas" , "Nebraska"]
			},
			"population": {
				"adults": 4175061,
				"minors": 1420150
			}
		},
		"Montana": {
			"id": "#MT",
			"name": "Montana",
			"connections": {
				"incoming": ["North Dakota" , "South Dakota" , "Wyoming" , "Idaho"],
				"outgoing": ["North Dakota" , "South Dakota" , "Wyoming" , "Idaho"]
			},
			"population": {
				"adults": 673865,
				"minors": 228330
			}
		},
		"Nebraska": {
			"id": "#NE",
			"name": "Nebraska",
			"connections": {
				"incoming": ["South Dakota" , "Iowa" , "Missouri" , "Kansas" , "Colorado" , "Wyoming"],
				"outgoing": ["South Dakota" , "Iowa" , "Missouri" , "Kansas" , "Colorado" , "Wyoming"]
			},
			"population": {
				"adults": 1264297,
				"minors": 446966
			}
		},
		"Nevada": {
			"id": "#NV",
			"name": "Nevada",
			"connections": {
				"incoming": ["Idaho" , "Utah" , "Arizona" , "California" , "Oregon"],
				"outgoing": ["Idaho" , "Utah" , "Arizona" , "California" , "Oregon"]
			},
			"population": {
				"adults": 1490425,
				"minors": 507832
			}
		},
		"New Hampshire": {
			"id": "#NH",
			"name": "New Hampshire",
			"connections": {
				"incoming": ["Maine" , "Massachusetts" , "Vermont"],
				"outgoing": ["Maine" , "Massachusetts" , "Vermont"]
			},
			"population": {
				"adults": 927873,
				"minors": 307913
			}
		},
		"New Jersey": {
			"id": "#NJ",
			"name": "New Jersey",
			"connections": {
				"incoming": ["New York" , "Delaware" , "Pennsylvania"],
				"outgoing": ["New York" , "Delaware" , "Pennsylvania"]
			},
			"population": {
				"adults": 6338905,
				"minors": 2075445
			}
		},
		"New Mexico": {
			"id": "#NM",
			"name": "New Mexico",
			"connections": {
				"incoming": ["Colorado" , "Oklahoma" , "Texas" , "Arizona" , "Utah"],
				"outgoing": ["Colorado" , "Oklahoma" , "Texas" , "Arizona" , "Utah"]
			},
			"population": {
				"adults": 1313697,
				"minors": 505349
			}
		},
		"New York": {
			"id": "#NY",
			"name": "New York",
			"connections": {
				"incoming": ["Vermont" , "Massachusetts" , "Connecticut" , "New Jersey" , "Pennsylvania"],
				"outgoing": ["Vermont" , "Massachusetts" , "Connecticut" , "New Jersey" , "Pennsylvania"]
			},
			"population": {
				"adults": 14331722,
				"minors": 4644735
			}
		},
		"North Carolina": {
			"id": "#NC",
			"name": "North Carolina",
			"connections": {
				"incoming": ["Virginia" , "South Carolina" , "Georgia" , "Tennessee"],
				"outgoing": ["Virginia" , "South Carolina" , "Georgia" , "Tennessee"]
			},
			"population": {
				"adults": 6094398,
				"minors": 1954915
			}
		},
		"North Dakota": {
			"id": "#ND",
			"name": "North Dakota",
			"connections": {
				"incoming": ["Minnesota" , "South Dakota" , "Montana"],
				"outgoing": ["Minnesota" , "South Dakota" , "Montana"]
			},
			"population": {
				"adults": 481999,
				"minors": 160201
			}
		},
		"Ohio": {
			"id": "#OH",
			"name": "Ohio",
			"connections": {
				"incoming": ["Pennsylvania" , "West Virginia" , "Kentucky" , "Indiana" , "Michigan"],
				"outgoing": ["Pennsylvania" , "West Virginia" , "Kentucky" , "Indiana" , "Michigan"]
			},
			"population": {
				"adults": 8475671,
				"minors": 2877469
			}
		},
		"Oklahoma": {
			"id": "#OK",
			"name": "Oklahoma",
			"connections": {
				"incoming": ["Kansas" , "Missouri" , "Arkansas" , "New Mexico" , "Colorado"],
				"outgoing": ["Kansas" , "Missouri" , "Arkansas" , "New Mexico" , "Colorado"]
			},
			"population": {
				"adults": 2564183,
				"minors": 886471
			}
		},
		"Oregon": {
			"id": "#OR",
			"name": "Oregon",
			"connections": {
				"incoming": ["Washington" , "Idaho" , "Nevada" , "Colorado"],
				"outgoing": ["Washington" , "Idaho" , "Nevada" , "Colorado"]
			},
			"population": {
				"adults": 2580906,
				"minors": 840493
			}
		},
		"Pennsylvania": {
			"id": "#PA",
			"name": "Pennsylvania",
			"connections": {
				"incoming": ["New York" , "New Jersey" , "Delaware" , "Maryland" , "West Virginia" , "Ohio"],
				"outgoing": ["New York" , "New Jersey" , "Delaware" , "Maryland" , "West Virginia" , "Ohio"]
			},
			"population": {
				"adults": 9377742,
				"minors": 2903312
			}
		},
		"Rhode Island": {
			"id": "#RI",
			"name": "Rhode Island",
			"connections": {
				"incoming": ["Massachusetts" , "Connecticut"],
				"outgoing": ["Massachusetts" , "Connecticut"]
			},
			"population": {
				"adults": 801968,
				"minors": 246351
			}
		},
		"South Carolina": {
			"id": "#SC",
			"name": "South Carolina",
			"connections": {
				"incoming": ["North Carolina" , "Georgia"],
				"outgoing": ["North Carolina" , "Georgia"]
			},
			"population": {
				"adults": 3007493,
				"minors": 1004519
			}
		},
		"South Dakota": {
			"id": "#SD",
			"name": "South Dakota",
			"connections": {
				"incoming": ["North Dakota" , "Minnesota" , "Iowa" , "Nebraska" , "Wyoming" , "Montana"],
				"outgoing": ["North Dakota" , "Minnesota" , "Iowa" , "Nebraska" , "Wyoming" , "Montana"]
			},
			"population": {
				"adults": 554561,
				"minors": 200283
			}
		},
		"Tennessee": {
			"id": "#TN",
			"name": "Tennessee",
			"connections": {
				"incoming": ["Kentucky" , "Virginia" , "North Carolina" , "Georgia" , "Alabama" , "Mississippi" , "Arkansas" , "Missouri"],
				"outgoing": ["Kentucky" , "Virginia" , "North Carolina" , "Georgia" , "Alabama" , "Mississippi" , "Arkansas" , "Missouri"]
			},
			"population": {
				"adults": 4297773,
				"minors": 1391510
			}
		},
		"Texas": {
			"id": "#TX",
			"name": "Texas",
			"connections": {
				"incoming": ["Oklahoma" , "Arkansas" , "Louisiana" , "New Mexico"],
				"outgoing": ["Oklahoma" , "Arkansas" , "Louisiana" , "New Mexico"]
			},
			"population": {
				"adults": 14999103,
				"minors": 5852717
			}
		},
		"Utah": {
			"id": "#UT",
			"name": "Utah",
			"connections": {
				"incoming": ["Idaho" , "Wyoming" ,"Colorado" , "New Mexico" , "Arizona" , "Nevada"],
				"outgoing": ["Idaho" , "Wyoming" ,"Colorado" , "New Mexico" , "Arizona" , "Nevada"]
			},
			"population": {
				"adults": 1519580,
				"minors": 713589
			}
		},
		"Vermont": {
			"id": "#VT",
			"name": "Vermont",
			"connections": {
				"incoming": ["New Hampshire" , "Massachusetts" , "New York"],
				"outgoing": ["New Hampshire" , "Massachusetts" , "New York"]
			},
			"population": {
				"adults": 461652,
				"minors": 147175
			}
		},
		"Virginia": {
			"id": "#VA",
			"name": "Virginia",
			"connections": {
				"incoming": ["Maryland" , "District of Columbia" , "North Carolina" , "Tennessee" , "Kentucky" , "West Virginia"],
				"outgoing": ["Maryland" , "District of Columbia" , "North Carolina" , "Tennessee" , "Kentucky" , "West Virginia"]
			},
			"population": {
				"adults": 5349031,
				"minors": 1729484
			}
		},
		"Washington": {
			"id": "#WA",
			"name": "Washington",
			"connections": {
				"incoming": ["Idaho" , "Oregon"],
				"outgoing": ["Idaho" , "Oregon"]
			},
			"population": {
				"adults": 4389611,
				"minors": 1504510
			}
		},
		"West Virginia": {
			"id": "#WV",
			"name": "West Virginia",
			"connections": {
				"incoming": ["Pennsylvania" , "Maryland" , "Virginia" , "Kentucky" , "Ohio"],
				"outgoing": ["Pennsylvania" , "Maryland" , "Virginia" , "Kentucky" , "Ohio"]
			},
			"population": {
				"adults": 1408256,
				"minors": 400088
			}
		},
		"Wisconsin": {
			"id": "#WI",
			"name": "Wisconsin",
			"connections": {
				"incoming": ["Michigan" , "Illinois" , "Iowa" , "Minnesota"],
				"outgoing": ["Michigan" , "Illinois" , "Iowa" , "Minnesota"]
			},
			"population": {
				"adults": 4001177,
				"minors": 1362498
			}
		},
		"Wyoming": {
			"id": "#WY",
			"name": "Wyoming",
			"connections": {
				"incoming": ["Montana" , "South Dakota" , "Nebraska" , "Colorado" , "Utah" , "Idaho"],
				"outgoing": ["Montana" , "South Dakota" , "Nebraska" , "Colorado" , "Utah" , "Idaho"]
			},
			"population": {
				"adults": 366434,
				"minors": 127348
			}
		}
	}
}