{"Alabama":{"susceptible-adults":8998847,"susceptible-minors":1120979,"exposed-adults":86989,"exposed-minors":7224,"infected-adults":8826,"infected-minors":302,"recovered-adults":985,"recovered-minors":10,"deceased-adults":985,"deceased-minors":10,"contact-adult-adult":50,"contact-adult-minor":10,"contact-minor-minor":30},"Arizona":{"susceptible-adults":10075392,"susceptible-minors":1356722,"exposed-adults":0,"exposed-minors":0,"infected-adults":0,"infected-minors":0,"recovered-adults":0,"recovered-minors":0,"deceased-adults":0,"deceased-minors":0,"contact-adult-adult":50,"contact-adult-minor":10,"contact-minor-minor":30},"Arkansas":{"susceptible-adults":7418071,"susceptible-minors":677062,"exposed-adults":761,"exposed-minors":0,"infected-adults":56,"infected-minors":0,"recovered-adults":2,"recovered-minors":0,"deceased-adults":2,"deceased-minors":0,"contact-adult-adult":50,"contact-adult-minor":10,"contact-minor-minor":30},"California":{"susceptible-adults":0,"susceptible-minors":9181501,"exposed-adults":0,"exposed-minors":0,"infected-adults":0,"infected-minors":0,"recovered-adults":0,"recovered-minors":0,"deceased-adults":0,"deceased-minors":0,"contact-adult-adult":50,"contact-adult-minor":10,"contact-minor-minor":30},"Colorado":{"susceptible-adults":2484490,"susceptible-minors":1092399,"exposed-adults":0,"exposed-minors":0,"infected-adults":0,"infected-minors":0,"recovered-adults":0,"recovered-minors":0,"deceased-adults":0,"deceased-minors":0,"contact-adult-adult":50,"contact-adult-minor":10,"contact-minor-minor":30},"Connecticut":{"susceptible-adults":4406189,"susceptible-minors":836486,"exposed-adults":0,"exposed-minors":0,"infected-adults":0,"infected-minors":0,"recovered-adults":0,"recovered-minors":0,"deceased-adults":0,"deceased-minors":0,"contact-adult-adult":50,"contact-adult-minor":10,"contact-minor-minor":30},"Delaware":{"susceptible-adults":4853082,"susceptible-minors":193502,"exposed-adults":0,"exposed-minors":0,"infected-adults":0,"infected-minors":0,"recovered-adults":0,"recovered-minors":0,"deceased-adults":0,"deceased-minors":0,"contact-adult-adult":50,"contact-adult-minor":10,"contact-minor-minor":30},"District of Columbia":{"susceptible-adults":1803354,"susceptible-minors":113257,"exposed-adults":0,"exposed-minors":0,"infected-adults":0,"infected-minors":0,"recovered-adults":0,"recovered-minors":0,"deceased-adults":0,"deceased-minors":0,"contact-adult-adult":50,"contact-adult-minor":10,"contact-minor-minor":30},"Florida":{"susceptible-adults":1394979,"susceptible-minors":3620198,"exposed-adults":0,"exposed-minors":0,"infected-adults":0,"infected-minors":0,"recovered-adults":0,"recovered-minors":0,"deceased-adults":0,"deceased-minors":0,"contact-adult-adult":50,"contact-adult-minor":10,"contact-minor-minor":30},"Georgia":{"susceptible-adults":26143513,"susceptible-minors":7111786,"exposed-adults":13312364,"exposed-minors":17633204,"infected-adults":1451177,"infected-minors":2191440,"recovered-adults":171335,"recovered-minors":288126,"deceased-adults":171335,"deceased-minors":288126,"contact-adult-adult":50,"contact-adult-minor":10,"contact-minor-minor":30},"Idaho":{"susceptible-adults":3890276,"susceptible-minors":366307,"exposed-adults":0,"exposed-minors":0,"infected-adults":0,"infected-minors":0,"recovered-adults":0,"recovered-minors":0,"deceased-adults":0,"deceased-minors":0,"contact-adult-adult":50,"contact-adult-minor":10,"contact-minor-minor":30},"Illinois":{"susceptible-adults":2879388,"susceptible-minors":3229496,"exposed-adults":0,"exposed-minors":0,"infected-adults":0,"infected-minors":0,"recovered-adults":0,"recovered-minors":0,"deceased-adults":0,"deceased-minors":0,"contact-adult-adult":50,"contact-adult-minor":10,"contact-minor-minor":30},"Indiana":{"susceptible-adults":6612016,"susceptible-minors":1566193,"exposed-adults":0,"exposed-minors":0,"infected-adults":0,"infected-minors":0,"recovered-adults":0,"recovered-minors":0,"deceased-adults":0,"deceased-minors":0,"contact-adult-adult":50,"contact-adult-minor":10,"contact-minor-minor":30},"Iowa":{"susceptible-adults":4807497,"susceptible-minors":728731,"exposed-adults":0,"exposed-minors":0,"infected-adults":0,"infected-minors":0,"recovered-adults":0,"recovered-minors":0,"deceased-adults":0,"deceased-minors":0,"contact-adult-adult":50,"contact-adult-minor":10,"contact-minor-minor":30},"Kansas":{"susceptible-adults":1676310,"susceptible-minors":708948,"exposed-adults":0,"exposed-minors":0,"infected-adults":0,"infected-minors":0,"recovered-adults":0,"recovered-minors":0,"deceased-adults":0,"deceased-minors":0,"contact-adult-adult":50,"contact-adult-minor":10,"contact-minor-minor":30},"Kentucky":{"susceptible-adults":7277901,"susceptible-minors":989477,"exposed-adults":330,"exposed-minors":0,"infected-adults":22,"infected-minors":0,"recovered-adults":0,"recovered-minors":0,"deceased-adults":0,"deceased-minors":0,"contact-adult-adult":50,"contact-adult-minor":10,"contact-minor-minor":30},"Louisiana":{"susceptible-adults":4735522,"susceptible-minors":1213215,"exposed-adults":0,"exposed-minors":0,"infected-adults":0,"infected-minors":0,"recovered-adults":0,"recovered-minors":0,"deceased-adults":0,"deceased-minors":0,"contact-adult-adult":50,"contact-adult-minor":10,"contact-minor-minor":30},"Maine":{"susceptible-adults":242713,"susceptible-minors":299676,"exposed-adults":0,"exposed-minors":0,"infected-adults":0,"infected-minors":0,"recovered-adults":0,"recovered-minors":0,"deceased-adults":0,"deceased-minors":0,"contact-adult-adult":50,"contact-adult-minor":10,"contact-minor-minor":30},"Maryland":{"susceptible-adults":3083600,"susceptible-minors":1348418,"exposed-adults":0,"exposed-minors":0,"infected-adults":0,"infected-minors":0,"recovered-adults":0,"recovered-minors":0,"deceased-adults":0,"deceased-minors":0,"contact-adult-adult":50,"contact-adult-minor":10,"contact-minor-minor":30},"Massachusetts":{"susceptible-adults":4559592,"susceptible-minors":1489821,"exposed-adults":0,"exposed-minors":0,"infected-adults":0,"infected-minors":0,"recovered-adults":0,"recovered-minors":0,"deceased-adults":0,"deceased-minors":0,"contact-adult-adult":50,"contact-adult-minor":10,"contact-minor-minor":30},"Michigan":{"susceptible-adults":3470746,"susceptible-minors":2581860,"exposed-adults":0,"exposed-minors":0,"infected-adults":0,"infected-minors":0,"recovered-adults":0,"recovered-minors":0,"deceased-adults":0,"deceased-minors":0,"contact-adult-adult":50,"contact-adult-minor":10,"contact-minor-minor":30},"Minnesota":{"susceptible-adults":1418833,"susceptible-minors":1281802,"exposed-adults":0,"exposed-minors":0,"infected-adults":0,"infected-minors":0,"recovered-adults":0,"recovered-minors":0,"deceased-adults":0,"deceased-minors":0,"contact-adult-adult":50,"contact-adult-minor":10,"contact-minor-minor":30},"Mississippi":{"susceptible-adults":2858429,"susceptible-minors":770671,"exposed-adults":638,"exposed-minors":0,"infected-adults":49,"infected-minors":0,"recovered-adults":2,"recovered-minors":0,"deceased-adults":2,"deceased-minors":0,"contact-adult-adult":50,"contact-adult-minor":10,"contact-minor-minor":30},"Missouri":{"susceptible-adults":4783955,"susceptible-minors":1420150,"exposed-adults":32,"exposed-minors":0,"infected-adults":1,"infected-minors":0,"recovered-adults":0,"recovered-minors":0,"deceased-adults":0,"deceased-minors":0,"contact-adult-adult":50,"contact-adult-minor":10,"contact-minor-minor":30},"Montana":{"susceptible-adults":448277,"susceptible-minors":228330,"exposed-adults":0,"exposed-minors":0,"infected-adults":0,"infected-minors":0,"recovered-adults":0,"recovered-minors":0,"deceased-adults":0,"deceased-minors":0,"contact-adult-adult":50,"contact-adult-minor":10,"contact-minor-minor":30},"Nebraska":{"susceptible-adults":2067935,"susceptible-minors":446966,"exposed-adults":0,"exposed-minors":0,"infected-adults":0,"infected-minors":0,"recovered-adults":0,"recovered-minors":0,"deceased-adults":0,"deceased-minors":0,"contact-adult-adult":50,"contact-adult-minor":10,"contact-minor-minor":30},"Nevada":{"susceptible-adults":null,"susceptible-minors":507832,"exposed-adults":null,"exposed-minors":0,"infected-adults":0,"infected-minors":0,"recovered-adults":0,"recovered-minors":0,"deceased-adults":0,"deceased-minors":0,"contact-adult-adult":50,"contact-adult-minor":10,"contact-minor-minor":30},"New Hampshire":{"susceptible-adults":2218261,"susceptible-minors":307913,"exposed-adults":0,"exposed-minors":0,"infected-adults":0,"infected-minors":0,"recovered-adults":0,"recovered-minors":0,"deceased-adults":0,"deceased-minors":0,"contact-adult-adult":50,"contact-adult-minor":10,"contact-minor-minor":30},"New Jersey":{"susceptible-adults":4454737,"susceptible-minors":2075445,"exposed-adults":0,"exposed-minors":0,"infected-adults":0,"infected-minors":0,"recovered-adults":0,"recovered-minors":0,"deceased-adults":0,"deceased-minors":0,"contact-adult-adult":50,"contact-adult-minor":10,"contact-minor-minor":30},"New Mexico":{"susceptible-adults":6170593,"susceptible-minors":505349,"exposed-adults":0,"exposed-minors":0,"infected-adults":0,"infected-minors":0,"recovered-adults":0,"recovered-minors":0,"deceased-adults":0,"deceased-minors":0,"contact-adult-adult":50,"contact-adult-minor":10,"contact-minor-minor":30},"New York":{"susceptible-adults":4790674,"susceptible-minors":4644735,"exposed-adults":0,"exposed-minors":0,"infected-adults":0,"infected-minors":0,"recovered-adults":0,"recovered-minors":0,"deceased-adults":0,"deceased-minors":0,"contact-adult-adult":50,"contact-adult-minor":10,"contact-minor-minor":30},"North Carolina":{"susceptible-adults":3969905,"susceptible-minors":1954915,"exposed-adults":0,"exposed-minors":0,"infected-adults":0,"infected-minors":0,"recovered-adults":0,"recovered-minors":0,"deceased-adults":0,"deceased-minors":0,"contact-adult-adult":50,"contact-adult-minor":10,"contact-minor-minor":30},"North Dakota":{"susceptible-adults":1236401,"susceptible-minors":160201,"exposed-adults":0,"exposed-minors":0,"infected-adults":0,"infected-minors":0,"recovered-adults":0,"recovered-minors":0,"deceased-adults":0,"deceased-minors":0,"contact-adult-adult":50,"contact-adult-minor":10,"contact-minor-minor":30},"Ohio":{"susceptible-adults":5599991,"susceptible-minors":2877469,"exposed-adults":0,"exposed-minors":0,"infected-adults":0,"infected-minors":0,"recovered-adults":0,"recovered-minors":0,"deceased-adults":0,"deceased-minors":0,"contact-adult-adult":50,"contact-adult-minor":10,"contact-minor-minor":30},"Oklahoma":{"susceptible-adults":2021225,"susceptible-minors":886471,"exposed-adults":0,"exposed-minors":0,"infected-adults":0,"infected-minors":0,"recovered-adults":0,"recovered-minors":0,"deceased-adults":0,"deceased-minors":0,"contact-adult-adult":50,"contact-adult-minor":10,"contact-minor-minor":30},"Oregon":{"susceptible-adults":null,"susceptible-minors":840493,"exposed-adults":null,"exposed-minors":0,"infected-adults":0,"infected-minors":0,"recovered-adults":0,"recovered-minors":0,"deceased-adults":0,"deceased-minors":0,"contact-adult-adult":50,"contact-adult-minor":10,"contact-minor-minor":30},"Pennsylvania":{"susceptible-adults":7798868,"susceptible-minors":2903312,"exposed-adults":0,"exposed-minors":0,"infected-adults":0,"infected-minors":0,"recovered-adults":0,"recovered-minors":0,"deceased-adults":0,"deceased-minors":0,"contact-adult-adult":50,"contact-adult-minor":10,"contact-minor-minor":30},"Rhode Island":{"susceptible-adults":1930854,"susceptible-minors":246351,"exposed-adults":0,"exposed-minors":0,"infected-adults":0,"infected-minors":0,"recovered-adults":0,"recovered-minors":0,"deceased-adults":0,"deceased-minors":0,"contact-adult-adult":50,"contact-adult-minor":10,"contact-minor-minor":30},"South Carolina":{"susceptible-adults":2724387,"susceptible-minors":1004519,"exposed-adults":0,"exposed-minors":0,"infected-adults":0,"infected-minors":0,"recovered-adults":0,"recovered-minors":0,"deceased-adults":0,"deceased-minors":0,"contact-adult-adult":50,"contact-adult-minor":10,"contact-minor-minor":30},"South Dakota":{"susceptible-adults":2006099,"susceptible-minors":200283,"exposed-adults":0,"exposed-minors":0,"infected-adults":0,"infected-minors":0,"recovered-adults":0,"recovered-minors":0,"deceased-adults":0,"deceased-minors":0,"contact-adult-adult":50,"contact-adult-minor":10,"contact-minor-minor":30},"Tennessee":{"susceptible-adults":6537969,"susceptible-minors":1398182,"exposed-adults":157351,"exposed-minors":10382,"infected-adults":16045,"infected-minors":502,"recovered-adults":1805,"recovered-minors":20,"deceased-adults":1805,"deceased-minors":20,"contact-adult-adult":50,"contact-adult-minor":10,"contact-minor-minor":30},"Texas":{"susceptible-adults":913027,"susceptible-minors":5852717,"exposed-adults":0,"exposed-minors":0,"infected-adults":0,"infected-minors":0,"recovered-adults":0,"recovered-minors":0,"deceased-adults":0,"deceased-minors":0,"contact-adult-adult":50,"contact-adult-minor":10,"contact-minor-minor":30},"Utah":{"susceptible-adults":null,"susceptible-minors":713589,"exposed-adults":null,"exposed-minors":0,"infected-adults":0,"infected-minors":0,"recovered-adults":0,"recovered-minors":0,"deceased-adults":0,"deceased-minors":0,"contact-adult-adult":50,"contact-adult-minor":10,"contact-minor-minor":30},"Vermont":{"susceptible-adults":4516098,"susceptible-minors":147175,"exposed-adults":0,"exposed-minors":0,"infected-adults":0,"infected-minors":0,"recovered-adults":0,"recovered-minors":0,"deceased-adults":0,"deceased-minors":0,"contact-adult-adult":50,"contact-adult-minor":10,"contact-minor-minor":30},"Virginia":{"susceptible-adults":3643610,"susceptible-minors":1729484,"exposed-adults":0,"exposed-minors":0,"infected-adults":0,"infected-minors":0,"recovered-adults":0,"recovered-minors":0,"deceased-adults":0,"deceased-minors":0,"contact-adult-adult":50,"contact-adult-minor":10,"contact-minor-minor":30},"Washington":{"susceptible-adults":null,"susceptible-minors":1504510,"exposed-adults":null,"exposed-minors":0,"infected-adults":0,"infected-minors":0,"recovered-adults":0,"recovered-minors":0,"deceased-adults":0,"deceased-minors":0,"contact-adult-adult":50,"contact-adult-minor":10,"contact-minor-minor":30},"West Virginia":{"susceptible-adults":5771912,"susceptible-minors":400088,"exposed-adults":0,"exposed-minors":0,"infected-adults":0,"infected-minors":0,"recovered-adults":0,"recovered-minors":0,"deceased-adults":0,"deceased-minors":0,"contact-adult-adult":50,"contact-adult-minor":10,"contact-minor-minor":30},"Wisconsin":{"susceptible-adults":5719531,"susceptible-minors":1362498,"exposed-adults":0,"exposed-minors":0,"infected-adults":0,"infected-minors":0,"recovered-adults":0,"recovered-minors":0,"deceased-adults":0,"deceased-minors":0,"contact-adult-adult":50,"contact-adult-minor":10,"contact-minor-minor":30},"Wyoming":{"susceptible-adults":null,"susceptible-minors":127348,"exposed-adults":null,"exposed-minors":0,"infected-adults":0,"infected-minors":0,"recovered-adults":0,"recovered-minors":0,"deceased-adults":0,"deceased-minors":0,"contact-adult-adult":50,"contact-adult-minor":10,"contact-minor-minor":30},"disease":{"exposureRate":0.12,"infectionRate":0.08333333333333333,"mortalityRate":0.08333333333333333,"recoveryRate":0.08333333333333333}}