{"Alabama":{"deceased-adults":985.00000,"deceased-minors":10.00000,"exposed-adults":81200.00000,"exposed-minors":7224.00000,"infected-adults":8826.00000,"infected-minors":302.00000,"recovered-adults":985.00000,"recovered-minors":10.00000,"susceptible-adults":8749552.00000,"susceptible-minors":1120979.00000},"Arizona":{"deceased-adults":0,"deceased-minors":0,"exposed-adults":0,"exposed-minors":0,"infected-adults":0,"infected-minors":0,"recovered-adults":0,"recovered-minors":0,"susceptible-adults":9788961.00000,"susceptible-minors":1356722.00000},"Arkansas":{"deceased-adults":2.00000,"deceased-minors":0,"exposed-adults":533.00000,"exposed-minors":0,"infected-adults":56.00000,"infected-minors":0,"recovered-adults":2.00000,"recovered-minors":0,"susceptible-adults":7171866.00000,"susceptible-minors":677062.00000},"California":{"deceased-adults":0,"deceased-minors":0,"exposed-adults":0,"exposed-minors":0,"infected-adults":0,"infected-minors":0,"recovered-adults":0,"recovered-minors":0,"susceptible-adults":548505.00000,"susceptible-minors":9181501.00000},"Colorado":{"deceased-adults":0,"deceased-minors":0,"exposed-adults":0,"exposed-minors":0,"infected-adults":0,"infected-minors":0,"recovered-adults":0,"recovered-minors":0,"susceptible-adults":2517416.00000,"susceptible-minors":1092399.00000},"Connecticut":{"deceased-adults":0,"deceased-minors":0,"exposed-adults":0,"exposed-minors":0,"infected-adults":0,"infected-minors":0,"recovered-adults":0,"recovered-minors":0,"susceptible-adults":4322684.00000,"susceptible-minors":836486.00000},"Delaware":{"deceased-adults":0,"deceased-minors":0,"exposed-adults":0,"exposed-minors":0,"infected-adults":0,"infected-minors":0,"recovered-adults":0,"recovered-minors":0,"susceptible-adults":4659310.00000,"susceptible-minors":193502.00000},"District of Columbia":{"deceased-adults":0,"deceased-minors":0,"exposed-adults":0,"exposed-minors":0,"infected-adults":0,"infected-minors":0,"recovered-adults":0,"recovered-minors":0,"susceptible-adults":1742238.00000,"susceptible-minors":113257.00000},"Florida":{"deceased-adults":0,"deceased-minors":0,"exposed-adults":0,"exposed-minors":0,"infected-adults":0,"infected-minors":0,"recovered-adults":0,"recovered-minors":0,"susceptible-adults":1818080.00000,"susceptible-minors":3620198.00000},"Georgia":{"deceased-adults":171335.00000,"deceased-minors":288126.00000,"exposed-adults":13313283.00000,"exposed-minors":17633204.00000,"infected-adults":1451177.00000,"infected-minors":2191440.00000,"recovered-adults":171335.00000,"recovered-minors":288126.00000,"susceptible-adults":25915097.00000,"susceptible-minors":7111786.00000},"Idaho":{"deceased-adults":0,"deceased-minors":0,"exposed-adults":0,"exposed-minors":0,"infected-adults":0,"infected-minors":0,"recovered-adults":0,"recovered-minors":0,"susceptible-adults":3755611.00000,"susceptible-minors":366307.00000},"Illinois":{"deceased-adults":0,"deceased-minors":0,"exposed-adults":0,"exposed-minors":0,"infected-adults":0,"infected-minors":0,"recovered-adults":0,"recovered-minors":0,"susceptible-adults":3166222.00000,"susceptible-minors":3229496.00000},"Indiana":{"deceased-adults":0,"deceased-minors":0,"exposed-adults":0,"exposed-minors":0,"infected-adults":0,"infected-minors":0,"recovered-adults":0,"recovered-minors":0,"susceptible-adults":6516664.00000,"susceptible-minors":1566193.00000},"Iowa":{"deceased-adults":0,"deceased-minors":0,"exposed-adults":0,"exposed-minors":0,"infected-adults":0,"infected-minors":0,"recovered-adults":0,"recovered-minors":0,"susceptible-adults":4688865.00000,"susceptible-minors":728731.00000},"Kansas":{"deceased-adults":0,"deceased-minors":0,"exposed-adults":0,"exposed-minors":0,"infected-adults":0,"infected-minors":0,"recovered-adults":0,"recovered-minors":0,"susceptible-adults":1690090.00000,"susceptible-minors":708948.00000},"Kentucky":{"deceased-adults":0,"deceased-minors":0,"exposed-adults":218.00000,"exposed-minors":0,"infected-adults":22.00000,"infected-minors":0,"recovered-adults":0,"recovered-minors":0,"susceptible-adults":7085942.00000,"susceptible-minors":989477.00000},"Louisiana":{"deceased-adults":0,"deceased-minors":0,"exposed-adults":0,"exposed-minors":0,"infected-adults":0,"infected-minors":0,"recovered-adults":0,"recovered-minors":0,"susceptible-adults":4668252.00000,"susceptible-minors":1213215.00000},"Maine":{"deceased-adults":0,"deceased-minors":0,"exposed-adults":0,"exposed-minors":0,"infected-adults":0,"infected-minors":0,"recovered-adults":0,"recovered-minors":0,"susceptible-adults":276010.00000,"susceptible-minors":299676.00000},"Maryland":{"deceased-adults":0,"deceased-minors":0,"exposed-adults":0,"exposed-minors":0,"infected-adults":0,"infected-minors":0,"recovered-adults":0,"recovered-minors":0,"susceptible-adults":3122894.00000,"susceptible-minors":1348418.00000},"Massachusetts":{"deceased-adults":0,"deceased-minors":0,"exposed-adults":0,"exposed-minors":0,"infected-adults":0,"infected-minors":0,"recovered-adults":0,"recovered-minors":0,"susceptible-adults":4573214.00000,"susceptible-minors":1489821.00000},"Michigan":{"deceased-adults":0,"deceased-minors":0,"exposed-adults":0,"exposed-minors":0,"infected-adults":0,"infected-minors":0,"recovered-adults":0,"recovered-minors":0,"susceptible-adults":3647375.00000,"susceptible-minors":2581860.00000},"Minnesota":{"deceased-adults":0,"deceased-minors":0,"exposed-adults":0,"exposed-minors":0,"infected-adults":0,"infected-minors":0,"recovered-adults":0,"recovered-minors":0,"susceptible-adults":1519235.00000,"susceptible-minors":1281802.00000},"Mississippi":{"deceased-adults":2.00000,"deceased-minors":0,"exposed-adults":468.00000,"exposed-minors":0,"infected-adults":49.00000,"infected-minors":0,"recovered-adults":2.00000,"recovered-minors":0,"susceptible-adults":2822950.00000,"susceptible-minors":770671.00000},"Missouri":{"deceased-adults":0,"deceased-minors":0,"exposed-adults":16.00000,"exposed-minors":0,"infected-adults":1.00000,"infected-minors":0,"recovered-adults":0,"recovered-minors":0,"susceptible-adults":4756294.00000,"susceptible-minors":1420150.00000},"Montana":{"deceased-adults":0,"deceased-minors":0,"exposed-adults":0,"exposed-minors":0,"infected-adults":0,"infected-minors":0,"recovered-adults":0,"recovered-minors":0,"susceptible-adults":458531.00000,"susceptible-minors":228330.00000},"Nebraska":{"deceased-adults":0,"deceased-minors":0,"exposed-adults":0,"exposed-minors":0,"infected-adults":0,"infected-minors":0,"recovered-adults":0,"recovered-minors":0,"susceptible-adults":2031406.00000,"susceptible-minors":446966.00000},"Nevada":{"deceased-adults":0,"deceased-minors":0,"exposed-adults":0,"exposed-minors":0,"infected-adults":0,"infected-minors":0,"recovered-adults":0,"recovered-minors":0,"susceptible-adults":10465300.00000,"susceptible-minors":507832.00000},"New Hampshire":{"deceased-adults":0,"deceased-minors":0,"exposed-adults":0,"exposed-minors":0,"infected-adults":0,"infected-minors":0,"recovered-adults":0,"recovered-minors":0,"susceptible-adults":2159607.00000,"susceptible-minors":307913.00000},"New Jersey":{"deceased-adults":0,"deceased-minors":0,"exposed-adults":0,"exposed-minors":0,"infected-adults":0,"infected-minors":0,"recovered-adults":0,"recovered-minors":0,"susceptible-adults":4540381.00000,"susceptible-minors":2075445.00000},"New Mexico":{"deceased-adults":0,"deceased-minors":0,"exposed-adults":0,"exposed-minors":0,"infected-adults":0,"infected-minors":0,"recovered-adults":0,"recovered-minors":0,"susceptible-adults":5949825.00000,"susceptible-minors":505349.00000},"New York":{"deceased-adults":0,"deceased-minors":0,"exposed-adults":0,"exposed-minors":0,"infected-adults":0,"infected-minors":0,"recovered-adults":0,"recovered-minors":0,"susceptible-adults":5224358.00000,"susceptible-minors":4644735.00000},"North Carolina":{"deceased-adults":0,"deceased-minors":0,"exposed-adults":0,"exposed-minors":0,"infected-adults":0,"infected-minors":0,"recovered-adults":0,"recovered-minors":0,"susceptible-adults":4060761.00000,"susceptible-minors":1954915.00000},"North Dakota":{"deceased-adults":0,"deceased-minors":0,"exposed-adults":0,"exposed-minors":0,"infected-adults":0,"infected-minors":0,"recovered-adults":0,"recovered-minors":0,"susceptible-adults":1202110.00000,"susceptible-minors":160201.00000},"Ohio":{"deceased-adults":0,"deceased-minors":0,"exposed-adults":0,"exposed-minors":0,"infected-adults":0,"infected-minors":0,"recovered-adults":0,"recovered-minors":0,"susceptible-adults":5730701.00000,"susceptible-minors":2877469.00000},"Oklahoma":{"deceased-adults":0,"deceased-minors":0,"exposed-adults":0,"exposed-minors":0,"infected-adults":0,"infected-minors":0,"recovered-adults":0,"recovered-minors":0,"susceptible-adults":2045904.00000,"susceptible-minors":886471.00000},"Oregon":{"deceased-adults":0,"deceased-minors":0,"exposed-adults":0,"exposed-minors":0,"infected-adults":0,"infected-minors":0,"recovered-adults":0,"recovered-minors":0,"susceptible-adults":3132156.00000,"susceptible-minors":840493.00000},"Pennsylvania":{"deceased-adults":0,"deceased-minors":0,"exposed-adults":0,"exposed-minors":0,"infected-adults":0,"infected-minors":0,"recovered-adults":0,"recovered-minors":0,"susceptible-adults":7870635.00000,"susceptible-minors":2903312.00000},"Rhode Island":{"deceased-adults":0,"deceased-minors":0,"exposed-adults":0,"exposed-minors":0,"infected-adults":0,"infected-minors":0,"recovered-adults":0,"recovered-minors":0,"susceptible-adults":1879541.00000,"susceptible-minors":246351.00000},"South Carolina":{"deceased-adults":0,"deceased-minors":0,"exposed-adults":0,"exposed-minors":0,"infected-adults":0,"infected-minors":0,"recovered-adults":0,"recovered-minors":0,"susceptible-adults":2732909.00000,"susceptible-minors":1004519.00000},"South Dakota":{"deceased-adults":0,"deceased-minors":0,"exposed-adults":0,"exposed-minors":0,"infected-adults":0,"infected-minors":0,"recovered-adults":0,"recovered-minors":0,"susceptible-adults":1940120.00000,"susceptible-minors":200283.00000},"Tennessee":{"deceased-adults":1805.00000,"deceased-minors":20.00000,"exposed-adults":146330.00000,"exposed-minors":10382.00000,"infected-adults":16045.00000,"infected-minors":502.00000,"recovered-adults":1805.00000,"recovered-minors":20.00000,"susceptible-adults":6451962.00000,"susceptible-minors":1398182.00000},"Texas":{"deceased-adults":0,"deceased-minors":0,"exposed-adults":0,"exposed-minors":0,"infected-adults":0,"infected-minors":0,"recovered-adults":0,"recovered-minors":0,"susceptible-adults":1553286.00000,"susceptible-minors":5852717.00000},"Utah":{"deceased-adults":0,"deceased-minors":0,"exposed-adults":0,"exposed-minors":0,"infected-adults":0,"infected-minors":0,"recovered-adults":0,"recovered-minors":0,"susceptible-adults":2013206.00000,"susceptible-minors":713589.00000},"Vermont":{"deceased-adults":0,"deceased-minors":0,"exposed-adults":0,"exposed-minors":0,"infected-adults":0,"infected-minors":0,"recovered-adults":0,"recovered-minors":0,"susceptible-adults":4331805.00000,"susceptible-minors":147175.00000},"Virginia":{"deceased-adults":0,"deceased-minors":0,"exposed-adults":0,"exposed-minors":0,"infected-adults":0,"infected-minors":0,"recovered-adults":0,"recovered-minors":0,"susceptible-adults":3720724.00000,"susceptible-minors":1729484.00000},"Washington":{"deceased-adults":0,"deceased-minors":0,"exposed-adults":0,"exposed-minors":0,"infected-adults":0,"infected-minors":0,"recovered-adults":0,"recovered-minors":0,"susceptible-adults":620342.00000,"susceptible-minors":1504510.00000},"West Virginia":{"deceased-adults":0,"deceased-minors":0,"exposed-adults":0,"exposed-minors":0,"infected-adults":0,"infected-minors":0,"recovered-adults":0,"recovered-minors":0,"susceptible-adults":5573564.00000,"susceptible-minors":400088.00000},"Wisconsin":{"deceased-adults":0,"deceased-minors":0,"exposed-adults":0,"exposed-minors":0,"infected-adults":0,"infected-minors":0,"recovered-adults":0,"recovered-minors":0,"susceptible-adults":5641424.00000,"susceptible-minors":1362498.00000},"Wyoming":{"deceased-adults":0,"deceased-minors":0,"exposed-adults":0,"exposed-minors":0,"infected-adults":0,"infected-minors":0,"recovered-adults":0,"recovered-minors":0,"susceptible-adults":1386383.00000,"susceptible-minors":127348.00000}}
